FullName,Email,PhoneNumber,Address
Patricia Smith,patricia.smith@hotmail.com,259-721-9482,"478 Washington St, Houston, TX 42458"
Linda Jones,linda.jones@gmail.com,719-522-3724,"4588 Main St, San Diego, CA 17756"
Jennifer Garcia,jennifer.garcia@yahoo.com,442-365-8139,"8107 Cedar St, Philadelphia, IL 90478"
John Rodriguez,john.rodriguez@yahoo.com,257-869-5208,"8287 Main St, San Antonio, TX 15668"
Patricia Miller,patricia.miller@hotmail.com,610-691-7222,"7341 Pine St, Los Angeles, TX 26888"
Mary Brown,mary.brown@outlook.com,555-708-8045,"5027 Cedar St, Los Angeles, TX 96795"
Robert Johnson,robert.johnson@outlook.com,245-797-7568,"2267 Main St, Philadelphia, TX 63703"
James Jones,james.jones@aol.com,972-292-3333,"4906 Oak St, San Diego, IL 44230"
Linda Johnson,linda.johnson@aol.com,809-589-2774,"787 Washington St, San Diego, NY 96486"
Michael Jones,michael.jones@gmail.com,252-985-3461,"3404 Cedar St, New York, IL 89631"
Mary Smith,mary.smith@gmail.com,865-220-5365,"6101 Cedar St, Philadelphia, CA 49114"
John Rodriguez,john.rodriguez@hotmail.com,734-514-8552,"278 Oak St, San Diego, NY 95215"
Elizabeth Martinez,elizabeth.martinez@yahoo.com,301-732-3012,"312 Cedar St, Los Angeles, CA 66450"
Michael Smith,michael.smith@gmail.com,597-894-7516,"2738 Cedar St, New York, CA 89530"
James Smith,james.smith@yahoo.com,855-745-1096,"6079 View St, Dallas, AZ 75899"
John Smith,john.smith@hotmail.com,987-274-4732,"1789 Cedar St, San Antonio, NY 96377"
Linda Smith,linda.smith@hotmail.com,762-941-3232,"9695 Cedar St, Phoenix, AZ 60436"
Linda Johnson,linda.johnson@hotmail.com,508-750-3582,"160 Main St, Phoenix, PA 95135"
Mary Brown,mary.brown@gmail.com,718-378-5510,"6490 Pine St, San Diego, CA 96137"
Linda Jones,linda.jones@aol.com,995-356-4566,"9189 Oak St, New York, AZ 93462"
Jennifer Miller,jennifer.miller@aol.com,486-515-6803,"657 Cedar St, San Diego, TX 89369"
Michael Martinez,michael.martinez@yahoo.com,635-663-3709,"2127 Main St, Philadelphia, AZ 21471"
Patricia Martinez,patricia.martinez@gmail.com,839-829-3958,"7732 Maple St, Dallas, PA 31354"
Jennifer Martinez,jennifer.martinez@outlook.com,515-872-1356,"4043 View St, Houston, TX 86316"
Mary Rodriguez,mary.rodriguez@outlook.com,744-735-6011,"668 Pine St, Houston, NY 10913"
Patricia Williams,patricia.williams@aol.com,985-345-3132,"7617 Elm St, Chicago, TX 73930"
Mary Williams,mary.williams@yahoo.com,642-812-9543,"6302 Washington St, Phoenix, TX 21305"
Robert Martinez,robert.martinez@gmail.com,922-279-5589,"8504 Washington St, Phoenix, PA 43749"
Elizabeth Jones,elizabeth.jones@yahoo.com,312-768-2343,"2398 Washington St, Phoenix, IL 73972"
Linda Johnson,linda.johnson@hotmail.com,481-412-6675,"2941 View St, Dallas, TX 96687"
Robert Rodriguez,robert.rodriguez@hotmail.com,650-683-7458,"8320 Main St, San Antonio, AZ 97519"
James Davis,james.davis@yahoo.com,312-642-6607,"9490 Elm St, San Antonio, CA 97955"
Robert Brown,robert.brown@hotmail.com,610-960-7005,"7605 Cedar St, Houston, TX 96149"
Elizabeth Rodriguez,elizabeth.rodriguez@aol.com,446-589-9751,"6488 Pine St, San Antonio, TX 16679"
Jennifer Davis,jennifer.davis@hotmail.com,439-653-8519,"2307 Main St, San Diego, AZ 39580"
James Williams,james.williams@hotmail.com,396-781-1053,"1301 Oak St, Dallas, IL 86747"
John Jones,john.jones@gmail.com,288-293-3920,"2482 Cedar St, Houston, NY 49776"
Robert Davis,robert.davis@gmail.com,840-665-7027,"1080 Washington St, Philadelphia, CA 90653"
Elizabeth Smith,elizabeth.smith@outlook.com,347-910-8848,"6643 Cedar St, San Jose, PA 73336"
Michael Martinez,michael.martinez@gmail.com,997-984-8182,"5867 Maple St, New York, IL 77976"
Patricia Johnson,patricia.johnson@yahoo.com,217-516-5204,"5068 Maple St, San Diego, TX 58783"
Patricia Smith,patricia.smith@yahoo.com,967-724-4025,"9845 Elm St, San Jose, CA 98525"
Robert Davis,robert.davis@gmail.com,236-324-9509,"1273 Washington St, Dallas, CA 25469"
Robert Jones,robert.jones@yahoo.com,374-310-4475,"9017 Pine St, San Diego, CA 86965"
Linda Davis,linda.davis@hotmail.com,502-706-1779,"2843 Washington St, Chicago, CA 26926"
Jennifer Johnson,jennifer.johnson@outlook.com,801-514-6552,"8809 Maple St, Houston, CA 10451"
Robert Martinez,robert.martinez@yahoo.com,484-234-3446,"8428 Main St, San Jose, CA 18582"
James Miller,james.miller@outlook.com,898-572-4084,"3731 Pine St, Los Angeles, PA 25998"
Elizabeth Rodriguez,elizabeth.rodriguez@hotmail.com,697-326-5348,"1384 View St, San Jose, CA 98204"
Patricia Smith,patricia.smith@hotmail.com,900-320-2172,"8966 Washington St, Philadelphia, TX 74205"
Jennifer Davis,jennifer.davis@aol.com,904-889-7139,"2566 View St, Dallas, CA 50572"
Patricia Jones,patricia.jones@hotmail.com,609-488-9310,"6290 Cedar St, San Jose, TX 37618"
Linda Williams,linda.williams@outlook.com,523-510-9675,"1052 Oak St, Houston, IL 90576"
Elizabeth Brown,elizabeth.brown@aol.com,819-383-9110,"6886 Oak St, Los Angeles, AZ 88829"
Michael Smith,michael.smith@gmail.com,730-229-5111,"3114 Washington St, Phoenix, TX 77837"
Michael Davis,michael.davis@hotmail.com,845-237-1064,"6638 Elm St, Chicago, TX 35855"
Robert Brown,robert.brown@outlook.com,494-310-6069,"6399 Cedar St, Chicago, AZ 73976"
James Martinez,james.martinez@hotmail.com,214-693-1429,"6821 Cedar St, San Diego, AZ 99279"
William Jones,william.jones@aol.com,314-473-3664,"4562 Elm St, Philadelphia, CA 26569"
Robert Brown,robert.brown@gmail.com,625-246-3378,"3349 Cedar St, Dallas, CA 95844"
John Martinez,john.martinez@aol.com,963-268-8718,"5474 Oak St, Chicago, PA 32272"
Mary Rodriguez,mary.rodriguez@yahoo.com,822-869-6659,"284 Cedar St, Houston, CA 46981"
Elizabeth Williams,elizabeth.williams@aol.com,525-486-8497,"6423 Maple St, San Jose, CA 81981"
Michael Garcia,michael.garcia@hotmail.com,683-349-8271,"1319 Cedar St, San Antonio, TX 24902"
Michael Miller,michael.miller@outlook.com,838-600-2887,"8836 Pine St, San Antonio, TX 42485"
John Rodriguez,john.rodriguez@aol.com,347-796-6813,"5570 Cedar St, San Antonio, PA 96826"
John Johnson,john.johnson@yahoo.com,423-949-9547,"1622 Oak St, San Antonio, CA 83345"
Robert Miller,robert.miller@outlook.com,369-236-9701,"3021 Cedar St, Phoenix, TX 65219"
Patricia Garcia,patricia.garcia@outlook.com,412-674-4064,"3227 Main St, San Diego, TX 96908"
Michael Smith,michael.smith@outlook.com,779-751-6089,"8682 Washington St, Chicago, AZ 35078"
Elizabeth Smith,elizabeth.smith@outlook.com,436-336-1503,"1099 Cedar St, Philadelphia, CA 22264"
Jennifer Rodriguez,jennifer.rodriguez@aol.com,642-891-4648,"2907 Oak St, Dallas, CA 27546"
Michael Rodriguez,michael.rodriguez@yahoo.com,841-935-4891,"7918 View St, San Jose, AZ 83995"
John Rodriguez,john.rodriguez@outlook.com,618-755-9714,"7698 Main St, Houston, TX 66858"
John Martinez,john.martinez@hotmail.com,269-740-6015,"2795 Cedar St, San Diego, AZ 39010"
Elizabeth Johnson,elizabeth.johnson@aol.com,564-645-1995,"6299 Elm St, Dallas, CA 77860"
William Miller,william.miller@hotmail.com,468-326-8684,"4106 Maple St, San Jose, CA 75975"
James Miller,james.miller@aol.com,726-782-6031,"7662 Cedar St, Philadelphia, CA 93349"
Mary Davis,mary.davis@outlook.com,818-391-9758,"1104 Maple St, Chicago, CA 38241"
Linda Davis,linda.davis@yahoo.com,288-478-3605,"461 Elm St, Chicago, CA 71524"
Michael Rodriguez,michael.rodriguez@yahoo.com,304-994-4718,"7082 View St, New York, CA 81580"
Patricia Miller,patricia.miller@gmail.com,234-766-6138,"5126 Maple St, Phoenix, TX 39741"
John Rodriguez,john.rodriguez@hotmail.com,465-251-8521,"3204 Cedar St, Dallas, NY 17914"
Linda Martinez,linda.martinez@outlook.com,455-592-1661,"2892 Washington St, Dallas, TX 45538"
James Brown,james.brown@gmail.com,311-337-2433,"8142 Pine St, San Antonio, PA 74265"
Robert Jones,robert.jones@hotmail.com,875-246-3444,"2217 Pine St, Phoenix, CA 67832"
Robert Williams,robert.williams@hotmail.com,287-963-8731,"7738 Maple St, Phoenix, PA 51518"
Jennifer Martinez,jennifer.martinez@outlook.com,490-607-6330,"2277 Elm St, San Antonio, CA 57734"
Jennifer Martinez,jennifer.martinez@aol.com,467-609-5988,"3501 Main St, San Jose, TX 28244"
James Martinez,james.martinez@outlook.com,645-735-6079,"7044 Oak St, Dallas, CA 96612"
Jennifer Johnson,jennifer.johnson@gmail.com,311-440-5819,"1621 Main St, Philadelphia, AZ 25752"
Mary Williams,mary.williams@aol.com,942-862-5751,"7910 Washington St, Chicago, CA 22842"
Elizabeth Miller,elizabeth.miller@outlook.com,755-342-8183,"7859 Pine St, San Diego, TX 44346"
James Martinez,james.martinez@outlook.com,375-725-9143,"1013 Pine St, Dallas, AZ 31602"
Linda Martinez,linda.martinez@yahoo.com,280-447-2970,"4690 Maple St, Dallas, CA 17317"
Patricia Smith,patricia.smith@outlook.com,692-593-7976,"6848 Cedar St, Philadelphia, CA 76387"
Robert Brown,robert.brown@hotmail.com,268-231-9461,"9642 Maple St, Los Angeles, CA 26449"
Mary Davis,mary.davis@aol.com,263-222-2109,"7945 Main St, Chicago, CA 17474"
Jennifer Garcia,jennifer.garcia@hotmail.com,426-353-6928,"5189 View St, Chicago, CA 93631"
Linda Rodriguez,linda.rodriguez@hotmail.com,972-266-8270,"9394 Maple St, San Jose, IL 48671"
Patricia Martinez,patricia.martinez@outlook.com,687-361-4454,"9920 Elm St, Phoenix, CA 59566"
Michael Martinez,michael.martinez@yahoo.com,639-743-7422,"9531 Oak St, San Jose, PA 66166"
James Martinez,james.martinez@yahoo.com,728-986-4685,"1325 Maple St, Chicago, TX 13986"
Jennifer Smith,jennifer.smith@aol.com,960-687-3350,"4537 Washington St, Houston, IL 35610"
Michael Garcia,michael.garcia@hotmail.com,531-953-4071,"6751 Washington St, San Diego, TX 54182"
Elizabeth Smith,elizabeth.smith@yahoo.com,269-371-9516,"6082 Pine St, San Antonio, TX 33514"
James Martinez,james.martinez@yahoo.com,946-449-1953,"5310 Main St, New York, TX 66861"
Linda Martinez,linda.martinez@hotmail.com,815-203-7287,"1906 Pine St, San Antonio, CA 19627"
Patricia Miller,patricia.miller@aol.com,846-407-3239,"3509 Main St, Los Angeles, IL 50259"
James Davis,james.davis@outlook.com,825-317-9210,"1459 Elm St, Houston, CA 51262"
Linda Rodriguez,linda.rodriguez@hotmail.com,519-374-1167,"5267 View St, San Diego, PA 38036"
Elizabeth Miller,elizabeth.miller@outlook.com,242-863-3456,"3738 Maple St, San Diego, TX 74046"
Mary Johnson,mary.johnson@hotmail.com,861-876-9196,"1203 Elm St, Los Angeles, TX 18008"
William Davis,william.davis@aol.com,603-328-6956,"9375 Cedar St, Houston, AZ 11989"
Elizabeth Garcia,elizabeth.garcia@aol.com,956-568-9709,"7841 Oak St, Philadelphia, CA 23918"
Jennifer Jones,jennifer.jones@hotmail.com,557-803-4291,"3064 Main St, San Diego, CA 81677"
Jennifer Rodriguez,jennifer.rodriguez@outlook.com,277-302-9940,"5514 Pine St, San Jose, TX 76363"
Patricia Martinez,patricia.martinez@outlook.com,693-376-2924,"8158 Main St, San Jose, NY 23746"
Elizabeth Williams,elizabeth.williams@hotmail.com,944-768-5120,"6761 Pine St, San Jose, NY 88740"
Mary Brown,mary.brown@aol.com,677-873-7056,"9062 Main St, San Antonio, CA 69721"
Robert Rodriguez,robert.rodriguez@hotmail.com,643-854-7485,"9410 Oak St, Phoenix, IL 10950"
Elizabeth Williams,elizabeth.williams@yahoo.com,658-893-1268,"1581 View St, Houston, TX 82450"
William Miller,william.miller@yahoo.com,431-406-1061,"4737 Pine St, San Antonio, CA 28251"
William Williams,william.williams@aol.com,624-262-2946,"9941 Elm St, Philadelphia, AZ 69377"
Michael Rodriguez,michael.rodriguez@aol.com,640-996-1771,"7710 Pine St, San Jose, AZ 14334"
Elizabeth Brown,elizabeth.brown@yahoo.com,650-985-9634,"1810 Oak St, San Diego, PA 63787"
Linda Rodriguez,linda.rodriguez@outlook.com,493-358-7258,"7453 Pine St, Los Angeles, AZ 50716"
John Smith,john.smith@aol.com,497-364-5525,"2734 Elm St, San Jose, TX 41344"
Michael Johnson,michael.johnson@hotmail.com,505-717-8731,"6567 Maple St, Houston, CA 35025"
William Johnson,william.johnson@outlook.com,220-525-2687,"5365 Main St, San Diego, CA 79709"
Michael Rodriguez,michael.rodriguez@aol.com,842-853-4796,"693 Main St, San Diego, AZ 38021"
Linda Davis,linda.davis@gmail.com,562-324-2910,"8038 Pine St, Phoenix, NY 66262"
Michael Martinez,michael.martinez@hotmail.com,275-528-3488,"9910 Oak St, Dallas, IL 81947"
Michael Davis,michael.davis@yahoo.com,423-635-1714,"6242 Maple St, San Jose, CA 34189"
Linda Brown,linda.brown@gmail.com,489-244-3098,"4399 Oak St, Philadelphia, CA 14307"
Mary Davis,mary.davis@hotmail.com,882-823-7614,"1640 Elm St, Chicago, IL 89326"
Robert Brown,robert.brown@outlook.com,651-893-9656,"2815 Maple St, Chicago, TX 40823"
William Smith,william.smith@hotmail.com,438-387-3079,"2273 Cedar St, New York, TX 18545"
Jennifer Garcia,jennifer.garcia@aol.com,876-421-9028,"3869 Maple St, Houston, PA 39664"
William Johnson,william.johnson@hotmail.com,473-246-8387,"6053 View St, San Antonio, AZ 75799"
Elizabeth Johnson,elizabeth.johnson@yahoo.com,275-248-9590,"7590 Elm St, Los Angeles, CA 30905"
John Jones,john.jones@outlook.com,259-932-2242,"5846 Washington St, Philadelphia, PA 71523"
Mary Rodriguez,mary.rodriguez@aol.com,604-865-8605,"1861 Elm St, San Diego, TX 45942"
Robert Miller,robert.miller@yahoo.com,550-613-5511,"685 Pine St, Dallas, IL 58939"
Robert Johnson,robert.johnson@aol.com,734-576-8889,"9828 Oak St, Chicago, AZ 21355"
Robert Garcia,robert.garcia@gmail.com,515-842-5661,"4219 Oak St, Los Angeles, TX 67691"
Michael Miller,michael.miller@aol.com,703-419-5139,"8415 View St, Houston, CA 35813"
Robert Miller,robert.miller@hotmail.com,549-469-7294,"3243 Elm St, Phoenix, AZ 35193"
Jennifer Smith,jennifer.smith@gmail.com,674-508-8258,"907 View St, San Jose, TX 71356"
Michael Rodriguez,michael.rodriguez@gmail.com,818-432-2698,"3865 Pine St, San Diego, PA 87343"
John Jones,john.jones@gmail.com,585-259-5149,"9476 Maple St, Los Angeles, TX 23430"
John Miller,john.miller@outlook.com,650-426-6025,"6600 Washington St, New York, CA 35448"
Elizabeth Miller,elizabeth.miller@yahoo.com,705-218-2166,"9055 Main St, San Jose, AZ 11519"
John Williams,john.williams@aol.com,338-279-4951,"6659 Cedar St, Dallas, CA 65562"
Jennifer Davis,jennifer.davis@yahoo.com,611-505-1852,"1443 Elm St, Phoenix, AZ 25808"
James Davis,james.davis@gmail.com,464-226-2860,"1071 Pine St, New York, PA 31746"
John Davis,john.davis@gmail.com,446-787-5521,"5245 Main St, Chicago, AZ 56935"
Patricia Davis,patricia.davis@hotmail.com,334-390-9381,"5647 Maple St, Dallas, PA 11453"
Michael Davis,michael.davis@yahoo.com,472-643-1250,"5388 View St, San Jose, NY 13595"
Robert Jones,robert.jones@outlook.com,679-438-9667,"8400 Maple St, San Diego, CA 59070"
Elizabeth Jones,elizabeth.jones@aol.com,862-894-1837,"2823 Main St, San Jose, IL 25216"
Patricia Garcia,patricia.garcia@gmail.com,965-405-6909,"7862 Main St, San Antonio, CA 35004"
James Smith,james.smith@gmail.com,705-708-1950,"1769 Cedar St, New York, PA 37043"
Linda Rodriguez,linda.rodriguez@yahoo.com,707-867-1814,"8975 Oak St, Philadelphia, AZ 54856"
Robert Johnson,robert.johnson@gmail.com,476-225-3196,"689 Cedar St, Phoenix, CA 43314"
Patricia Johnson,patricia.johnson@yahoo.com,425-663-9535,"8033 Cedar St, Chicago, PA 65219"
Patricia Brown,patricia.brown@yahoo.com,830-344-4128,"363 Pine St, Philadelphia, NY 83084"
John Williams,john.williams@aol.com,973-706-3204,"760 Washington St, Chicago, PA 58651"
Patricia Jones,patricia.jones@outlook.com,257-859-7083,"8742 Cedar St, Chicago, CA 79163"
Mary Smith,mary.smith@gmail.com,732-750-6245,"8881 Cedar St, New York, CA 75684"
William Johnson,william.johnson@aol.com,637-832-4326,"5384 View St, New York, CA 75489"
Patricia Johnson,patricia.johnson@gmail.com,577-943-4867,"2261 View St, Phoenix, AZ 84075"
Jennifer Johnson,jennifer.johnson@yahoo.com,653-347-3639,"8212 Pine St, San Antonio, TX 10124"
Robert Brown,robert.brown@aol.com,799-267-9063,"5597 Oak St, Philadelphia, NY 22770"
Jennifer Miller,jennifer.miller@gmail.com,596-623-3275,"2894 Main St, Los Angeles, TX 93233"
Michael Smith,michael.smith@aol.com,971-273-1547,"5329 Main St, San Jose, TX 93814"
William Davis,william.davis@outlook.com,575-377-4425,"5465 Oak St, Philadelphia, NY 67304"
James Williams,james.williams@yahoo.com,326-569-8053,"3713 Oak St, Phoenix, CA 38462"
Elizabeth Rodriguez,elizabeth.rodriguez@yahoo.com,432-692-2335,"9225 Washington St, Houston, TX 35603"
Elizabeth Williams,elizabeth.williams@outlook.com,230-837-6454,"1321 Maple St, Philadelphia, TX 73055"
James Davis,james.davis@outlook.com,278-968-9586,"357 View St, Philadelphia, CA 33513"
Patricia Jones,patricia.jones@yahoo.com,981-895-1869,"3349 Main St, Phoenix, CA 15680"
Linda Jones,linda.jones@outlook.com,920-590-7954,"6837 Elm St, Philadelphia, AZ 68629"
Linda Brown,linda.brown@gmail.com,921-434-8672,"5539 Maple St, Los Angeles, TX 40309"
James Williams,james.williams@outlook.com,848-504-1300,"7228 Cedar St, San Antonio, NY 30392"
John Williams,john.williams@outlook.com,807-691-3602,"2154 Main St, Philadelphia, PA 85943"
Mary Williams,mary.williams@gmail.com,766-368-2021,"3919 Elm St, Houston, CA 27041"
Jennifer Jones,jennifer.jones@yahoo.com,214-668-9033,"9781 View St, Philadelphia, TX 27156"
Linda Smith,linda.smith@yahoo.com,968-649-8092,"650 Pine St, San Jose, CA 18844"
John Smith,john.smith@aol.com,538-299-7419,"539 Oak St, San Diego, AZ 61568"
Jennifer Davis,jennifer.davis@gmail.com,608-787-4472,"5300 Main St, Dallas, TX 44921"
Mary Jones,mary.jones@aol.com,403-733-5294,"2828 Pine St, New York, IL 49480"
John Miller,john.miller@hotmail.com,947-527-9992,"7993 Cedar St, San Antonio, AZ 99431"
Linda Garcia,linda.garcia@aol.com,614-640-9412,"3460 Elm St, Chicago, TX 46438"
Jennifer Rodriguez,jennifer.rodriguez@yahoo.com,262-656-4368,"8980 Main St, Houston, TX 58274"
Elizabeth Jones,elizabeth.jones@aol.com,263-896-8974,"1579 Oak St, Philadelphia, TX 60615"
William Williams,william.williams@yahoo.com,533-945-6289,"1661 Maple St, San Diego, PA 33417"
Mary Martinez,mary.martinez@hotmail.com,780-309-4368,"5265 Pine St, Houston, PA 11009"
Elizabeth Jones,elizabeth.jones@gmail.com,293-514-3053,"3680 Pine St, San Antonio, TX 10892"
Jennifer Martinez,jennifer.martinez@outlook.com,360-502-4475,"7324 View St, New York, TX 25405"
